<keymap version="1" name="Default copy 1" parent="Default for XWin">
  <action id="Back">
    <keyboard-shortcut first-keystroke="ctrl alt j" />
  </action>
  <action id="ChangesView.GroupBy.Directory" />
  <action id="FileChooser.TogglePathShowing" />
  <action id="FileStructurePopup">
    <keyboard-shortcut first-keystroke="ctrl r" />
  </action>
  <action id="Forward">
    <keyboard-shortcut first-keystroke="ctrl alt semicolon" />
  </action>
  <action id="GotoFile">
    <keyboard-shortcut first-keystroke="ctrl p" />
  </action>
  <action id="GotoSymbol">
    <keyboard-shortcut first-keystroke="ctrl alt o" />
  </action>
  <action id="OptimizeImports" />
  <action id="ParameterInfo" />
  <action id="Replace" />
  <action id="SurroundWithLiveTemplate" />
  <action id="TodoViewGroupByShowPackages" />
</keymap>