<application>
  <component name="MaterialThemeConfig">
    <option name="arrowsStyle" value="Arrows" />
    <option name="compactDropdowns" value="true" />
    <option name="compactSidebar" value="true" />
    <option name="highlightColorEnabled" value="true" />
    <option name="isCompactMenus" value="true" />
    <option name="isCompactStatusBar" value="true" />
    <option name="isCompactTables" value="true" />
    <option name="isMaterialDesign" value="false" />
    <option name="isWizardShown" value="true" />
    <option name="pristineConfig" value="false" />
    <option name="tabOpacity" value="80" />
    <option name="tabsHeight" value="22" />
    <option name="accentColor" value="c6ff00" />
    <option name="selectedTheme" value="DARKER" />
    <option name="userId" value="-f8bf684:169ecef89d0:-8000" />
    <option name="version" value="3.10.0" />
  </component>
</application>